{
    "Bazar": {
        "mean": 1507.142857142857,
        "std": 1332.425286031882
    },
    "Donations": {
        "mean": 3750.0,
        "std": 4272.001872658766
    },
    "Electricity Bill": {
        "mean": 36333.333333333336,
        "std": 17387.735140993304
    },
    "Fuel": {
        "mean": 21137.5,
        "std": 110.86778913041725
    },
    "Maintenance": {
        "mean": 1015.3125,
        "std": 1156.326174474224
    },
    "Mill Supplies": {
        "mean": 783.3333333333334,
        "std": 880.8140174482542
    },
    "Office Mobile Bill": {
        "mean": 250.0,
        "std": 0.0
    },
    "Office Supplies": {
        "mean": 688.75,
        "std": 1343.4012005779532
    },
    "Salary": {
        "mean": 4084.6153846153848,
        "std": 3434.34762214654
    },
    "Staff Nasta": {
        "mean": 176.66666666666666,
        "std": 37.859388972001824
    },
    "Transportation": {
        "mean": 3474.5454545454545,
        "std": 5433.7820413343115
    },
    "Veku": {
        "mean": 2900.0,
        "std": 3401.1027623404734
    },
    "Weekly Daily Bill": {
        "mean": 18425.0,
        "std": 15240.267386105796
    }
}